brand,file,source_url,source_type,width,height,background,confidence_right_business,notes
IHS Kenya,ihs-kenya.png,https://ihskenya.co.ke/wp-content/themes/ihs-kenya-theme/assets/logo-ihs-approved.png,website_png,500,320,transparent,high,International Housing Solutions Kenya (green affordable homes). Header logo from ihskenya.co.ke.
Welcome Home,welcome-home.png,"https://static.wixstatic.com/media/fae0f6_d11d479790fa4305accf99d784445bb7~mv2.png/v1/crop/x_224,y_200,w_1330,h_1188/fae0f6_d11d479790fa4305accf99d784445bb7~mv2.png",website_png,1330,1188,transparent,low,"CHECK WITH VANESSA: the only Kenyan 'Welcome Home' found is a home decor + kitchenware shop in Lavington (welcomehome.co.ke, IG @welcomehomeke 32K), NOT a real estate firm. Header logo from its Wix site, same crop the site uses. No Kenyan real-estate 'Welcome Home' found."
Beauty Square,beauty-square.png,https://beautysquareke.co/cdn/shop/files/2_f144053d-f93e-4e83-bbeb-247194085b0c.png?v=1766081783,website_png,1081,1081,coloured,high,Nairobi skincare/fragrance reseller (beautysquareke.com redirects to beautysquareke.co). Yellow square logo from Shopify header.
Maya's Salon,mayas-salon.jpg,https://www.tiktok.com/@mayassalonkenya (profile picture),other,720,720,white,high,"TikTok profile picture (@mayassalonkenya, 'Maya's Salon & Nail Bar'). Facebook avatar is a hairstyle photo, no website found. Salon in Greenhouse Mall / Spring Valley / Nyali."
Carey Beauty College,carey-beauty-college.png,https://www.careybeauty.co.ke/assets/log-ff53c560.png,website_png,2721,830,transparent,high,"Header logo used by careybeauty.co.ke (found in the site's app bundle). TVETA-approved beauty school, Nairobi."
Joannak Cosmetics,joannak-cosmetics.jpg,https://joannakcosmetics.com/cdn/shop/files/Joanna_K_Logo_579c713e-ad23-4f30-8a0c-6be53971ca68.jpg?v=1732614703,website_png,690,451,white,high,Brand is 'Joanna K Cosmetics' (Joanna Kinuthia). Signature logo JPG on white from joannakcosmetics.com. A transparent header PNG exists but only 200x60.
Insmile Aesthetics,insmile-aesthetics.png,https://insmileaesthetics.com/wp-content/uploads/2025/10/INSMILE-DENTAL-CLINIC-LOGO.png,website_png,498,233,transparent,high,"Cosmetic dental clinic, Kileleshwa. Logo reads 'InSmile Dental Aesthetics'. WHITE logo on transparent: needs a dark background."
Fahma Aesthetics,fahma-aesthetics.png,https://avatar.anywhere.app/files/img/fs76nxPSuMcZ/15830c9a-e2c7-44c1-9204-18f6d97d6ec7.png?format=png,other,400,400,coloured,high,"Logo from the clinic's own Setmore booking page (fahma.setmore.com, 'Fahma Aesthetics | Ngong Road'). No website; Instagram blocked without login. Only 400x400."
Lerisque Africa,lerisque-africa.png,https://lerisqueafrica.com/themes/custom/lerisque/images/share-card.png,og_image,1200,630,coloured,high,Le'Risque Africa (insurance/risk agency). The website declares this share card as its logo: 'LE'RISQUE AFRICA' wordmark on a dark card. Instagram/Facebook still use an older leaf wordmark (Facebook copy only 320px).
The Lip Tribe,the-lip-tribe.png,https://theliptribe.co.ke/cdn/shop/files/the-lip-tribe-favicon.webp,website_png,1024,1024,transparent,high,"Pink round badge logo, 1024px source file behind the site icon on theliptribe.co.ke (served as PNG). Matches TikTok avatar."
Jesus Girl Closet,jesus-girl-closet.jpg,https://www.tiktok.com/@jesusgirlcloset (profile picture),other,720,720,coloured,high,TikTok profile picture (jesusgirlcloset.ke). Tagline 'Sassy. Stylish. Statement.' matches press on Dora Obwaka's brand. Instagram (39K) uses a different 'JG' monogram but only a 100px copy is public.
Bouchic,bouchic.jpg,https://www.facebook.com/bouchicke/ (profile picture),facebook_avatar,1280,1280,white,high,"Nairobi shoes & bags brand. Facebook logo 'Bouchic - Classy | Comfy | Chic'. Instagram @bouchic_k (90K) now shows a brown 'BOUCHIC' wordmark, only 100px public: ask Vanessa which is current. bouchic.co.ke does not resolve."
Artistry by Njanja,,,,,,,high,"NOT FOUND: right business identified (Njanja Kimani, brows/lashes, Westlands) but Facebook, Instagram (@artistrybynjanja) and TikTok pictures are all portrait photos, no logo. No website found."
Glam by Julie,,,,,,,low,"NOT FOUND: could not identify the right business. Looked at web search, TikTok (@glam.by.juli has 1 follower, @juliesglamour is a personal account), a yakazi.com case study (page now 404), glambyjulie results (Nigeria/US). Need a handle from Vanessa."
Wan Styling,wan-styling.jpg,https://www.tiktok.com/@wanstyling (profile picture),other,720,720,coloured,high,"Personal styling service, Nairobi (Winnie Nyabera). TikTok profile picture, orange 'WAN STYLING' on black."
Imports by Rigi,imports-by-rigi.png,https://importsbyrigi.com/wp-content/uploads/2020/09/logo-07.png,website_png,1600,452,transparent,high,"Gold + white logo on transparent: needs a dark background. The site also has an SVG icon (LOGO-1-01.svg) but several of its colours are blank, so it renders wrong; not used."
Yohana Motors,yohana-motors.jpg,https://www.facebook.com/yohanautomotive/ (profile picture),facebook_avatar,960,960,white,medium,"Business trades as 'Yohana Automotive' (car dealer, Ridgeways - Kiambu Road, 35.7K FB followers). Name differs from 'Yohana Motors': confirm with Vanessa. No website found."
Black Carbon,,,,,,,low,"NOT FOUND: searched web, Instagram and car-dealer/detailing listings in Kenya; only unrelated results (air-pollution research, a South African 'Carbon Black Auto'). Need a handle from Vanessa."
Winny Imports,winny-imports.png,https://winnyimports.com/cdn/shop/files/Screenshot_2026-02-09_at_10.04.48-removebg-preview.png?v=1770620718,website_png,282,174,transparent,medium,"Only 'Winny Imports' found in Kenya is a KITCHENWARE/household importer (Simara Mall, 116K TikTok), not automotive. Header logo from winnyimports.com, small (282x174)."
Computer Pride,computer-pride.png,https://computer-pride.co.ke/cpl-logo-1-2048x923.png,website_png,2048,923,transparent,high,"IT training + certification centre, ICEA Building Nairobi. Large transparent PNG from site."
Mophones,mophones.png,https://mophones.co/cdn/shop/files/MO-Logo-01.png?v=1691582743,website_png,390,182,transparent,high,"MoPhones (renewed smartphones). Navy 'MO' mark from site header, 390x182. A 1200px JPG on white also exists (og:image)."
Foresight Tech Group,foresight-tech-group.jpg,https://pbs.twimg.com/profile_images/1263950423058194433/dUQ18Elp.jpg,other,400,291,white,high,"Nairobi cybersecurity firm. X/Twitter profile picture (@foresightech), 400x291 on white. Website header logo is only 117x69."
PTS Africa,pts-africa.jpg,https://www.facebook.com/PTSAfrica/ (profile picture),facebook_avatar,1440,1440,coloured,medium,"PTS Africa, Nairobi: a training firm ('The Emotional Intelligence Company'; logo says 'Sales. Service. Leadership'), not a tech company. Only Kenyan PTS Africa found."
ICPAK,icpak.svg,https://www.icpak.com/wp-content/uploads/2023/06/ICPAK-Logo-on-White.svg,website_svg,,,transparent,high,Official vector from icpak.com header (for light backgrounds). Rendered and checked.
Binance,binance.svg,https://cdn.worldvectorlogo.com/logos/binance.svg,logo_site,,,transparent,high,"From worldvectorlogo (third-party logo site, allowed for big global brands): binance.com blocks scripted access. Yellow horizontal logo, vector; rendered and checked."
Centonomy,centonomy.jpg,https://www.facebook.com/centonomy/ (profile picture),facebook_avatar,559,559,coloured,high,"Personal-finance training firm, Westlands. centonomy.com is 'Under Maintenance'. Facebook picture 559px: wordmark in a white circle on orange."
Fermentis,fermentis.png,https://fermentis.com/wp-content/uploads/2020/02/logo-fermentis.png,website_png,1500,525,transparent,high,"Global yeast brand (by Lesaffre). Official PNG from fermentis.com, no logo site needed."
Kenya School of Sales,kenya-school-of-sales.png,https://firebasestorage.googleapis.com/v0/b/msommii.firebasestorage.app/o/settings%2Ffavicon?alt=media&token=f6fef026-1944-4cb7-8e0b-9c4e3020fcfd,website_png,500,500,white,high,"Logo file used as the site icon on kss.or.ke (500x500, white). Includes 'Powered by Yusudi' lockup, same as TikTok avatar."
Safirii,,,,,,,medium,"NOT FOUND: right business identified (Kenyan travel bags, IG @safirii__ 55K, Chaka Road Mall) but safirii.com now shows a suspicious 'Redirecting...' page with a certificate error (not used); Instagram picture not reachable without login; the Facebook page in search results now belongs to a different business."
Savi Tours,savi-tours.png,https://savitravel.co.ke/wp-content/uploads/2023/10/savi-logo-long.png,website_png,1365,500,transparent,high,"Savi Tours and Travel, Westlands. Transparent PNG from site header."
Pritt Events,pritt-events.png,https://prittevents.co.ke/wp-content/uploads/2019/03/12-1.png,website_png,600,400,transparent,high,"Pritt Events Limited, Parklands. WHITE logo on transparent (needs a dark background), 600x400. Social pictures are event photos."
Glam Events Kenya,glam-events-kenya.png,https://www.glameventskenya.co.ke/assets/images/glam-logo.png,website_png,1013,1021,transparent,high,"Luxury event planners, Ridgeways. Round gold badge logo from site header."
Game Nights 254,game-nights-254.png,https://gamenights254.com/wp-content/uploads/2020/06/Game-Nights-254-Logo--e1592583967368.png,website_png,381,150,transparent,high,"Board-game company (50-50 Kenyan game). WHITE logo on transparent (needs a dark background), 381x150."
Create with Ayan,create-with-ayan.png,https://logos.pixieset.com/502357/fb11189c96fe30091539ae68ecd0f7a0-medium.png,website_png,300,300,white,medium,"Ayan Karanja, Nairobi photographer/videographer. Monogram logo from her Pixieset portfolio (ayankaranja.pixieset.com, titled 'Create with Ayan'). Only 300x300 available."
Tanj Curtains,tanj-curtains.png,https://www.tanjcurtains.co.ke/wp-content/themes/tanj/images/logo.png,website_png,559,429,transparent,high,"Tanj Curtains and Interiors, Muthaiga Square / Kimathi St. Transparent PNG from site header."
